"id", "x_coor", "y_coor"
1, -112.2599178, 36.48981674